date,split,y_true,y_pred
2018-01-29,train,2588.0,2929.225357886162
2018-01-30,train,2652.0,2807.0613831346345
2018-01-31,train,2877.0,2713.0087554694232
2018-02-01,train,2507.0,2891.7697636185685
2018-02-02,train,2298.0,2695.446812594533
2018-02-03,train,868.0,989.1490865796575
2018-02-04,train,859.0,931.7256087992255
2018-02-05,train,2620.0,2966.5181798274457
2018-02-06,train,2683.0,2762.0848033637335
2018-02-07,train,2562.0,2786.962415621542
2018-02-08,train,2749.0,2799.836877284904
2018-02-09,train,2644.0,2698.797196682515
2018-02-10,train,1155.0,984.0516128539311
2018-02-11,train,1003.0,921.334184164009
2018-02-12,train,2950.0,3532.5935098898717
2018-02-13,train,2987.0,3368.258216291343
2018-02-14,train,3005.0,2741.602346428072
2018-02-15,train,1104.0,990.4639888906497
2018-02-16,train,907.0,881.2583289421632
2018-02-17,train,908.0,1059.3492547811763
2018-02-18,train,1116.0,988.9925594458214
2018-02-19,train,2762.0,3025.701773248964
2018-02-20,train,2807.0,2819.060866139196
2018-02-21,train,2358.0,2807.660401209805
2018-02-22,train,2545.0,2769.7378123508097
2018-02-23,train,2269.0,2663.617967664868
2018-02-24,train,974.0,992.7608771425828
2018-02-25,train,1142.0,941.7732022069513
2018-02-26,train,2768.0,2919.147922024792
2018-02-27,train,2495.0,2783.8106492444363
2018-02-28,train,2554.0,2693.7818600332184
2018-03-01,train,1073.0,963.1055120085753
2018-03-02,train,2757.0,2609.825465006359
2018-03-03,train,938.0,952.5701259431726
2018-03-04,train,1100.0,927.733912129514
2018-03-05,train,2531.0,2894.736547477966
2018-03-06,train,2741.0,2744.838761480605
2018-03-07,train,2603.0,2715.6320020069224
2018-03-08,train,2531.0,2691.764764697977
2018-03-09,train,2363.0,2680.0432438569387
2018-03-10,train,1035.0,953.1166484098071
2018-03-11,train,1106.0,907.2788028332106
2018-03-12,train,3409.0,3509.461625670578
2018-03-13,train,3209.0,3355.420185399756
2018-03-14,train,2574.0,2711.3028982141755
2018-03-15,train,2781.0,2579.595140266635
2018-03-16,train,2682.0,2602.5976582466747
2018-03-17,train,1086.0,957.3453309988968
2018-03-18,train,1127.0,931.5647216870725
2018-03-19,train,2626.0,2915.598908770208
2018-03-20,train,2634.0,2781.432766211046
2018-03-21,train,2817.0,2721.7509595943366
2018-03-22,train,2725.0,2772.8275712706295
2018-03-23,train,2597.0,2701.7496468887102
2018-03-24,train,1074.0,995.5554407861537
2018-03-25,train,1101.0,962.7627480535771
2018-03-26,train,2506.0,2946.3352504534614
2018-03-27,train,2775.0,2781.032981497388
2018-03-28,train,2682.0,2760.533193979132
2018-03-29,train,2714.0,2729.8944088712437
2018-03-30,train,2517.0,2769.5499235881616
2018-03-31,train,938.0,941.6091578005671
2018-04-01,train,1165.0,1042.5587054073994
2018-04-02,train,2614.0,2867.415186291438
2018-04-03,train,2725.0,2749.439715405337
2018-04-04,train,2744.0,2744.908773340264
2018-04-05,train,2590.0,2773.987159696855
2018-04-06,train,2495.0,2705.5473134397716
2018-04-07,train,921.0,986.4607827680074
2018-04-08,train,953.0,955.4793334499891
2018-04-09,train,2817.0,2933.170246010586
2018-04-10,train,3221.0,3426.852934488585
2018-04-11,train,3295.0,3382.283008587562
2018-04-12,train,2652.0,2781.934576923275
2018-04-13,train,2778.0,2719.9303309582897
2018-04-14,train,973.0,977.5058583452856
2018-04-15,train,1200.0,944.0119097095994
2018-04-16,train,2819.0,2888.618876385023
2018-04-17,train,2596.0,2773.2613036225925
2018-04-18,train,2284.0,2796.293230761505
2018-04-19,train,2373.0,2795.837055440746
2018-04-20,train,2550.0,2744.520629226864
2018-04-21,train,1230.0,999.044136089919
2018-04-22,train,1144.0,955.3447289408714
2018-04-23,train,2745.0,2916.180548954136
2018-04-24,train,2725.0,2795.8699360848905
2018-04-25,train,2391.0,2775.9647507110826
2018-04-26,train,2502.0,2785.8216276297408
2018-04-27,train,2536.0,2739.4441161311925
2018-04-28,train,1131.0,1005.5852771762998
2018-04-29,train,962.0,979.286853959105
2018-04-30,train,2988.0,2850.870304143436
2018-05-01,train,1012.0,1001.2881713451177
2018-05-02,train,3005.0,2787.866410267738
2018-05-03,train,2701.0,2801.2502745750535
2018-05-04,train,2533.0,2761.3116770259985
2018-05-05,train,1163.0,1048.49358956983
2018-05-06,train,1066.0,988.4039108635602
2018-05-07,train,1221.0,864.0677812147396
2018-05-08,train,2625.0,2779.0580212278683
2018-05-09,train,2596.0,2818.1226577154334
2018-05-10,train,3240.0,3446.649545211548
2018-05-11,train,3591.0,3393.9804747268795
2018-05-12,train,1042.0,1021.2827003050063
2018-05-13,train,1226.0,986.3401931945596
2018-05-14,train,2907.0,2877.889715379816
2018-05-15,train,2382.0,2663.744403599798
2018-05-16,train,2603.0,2749.381729525604
2018-05-17,train,2859.0,2808.8919868085286
2018-05-18,train,2469.0,2787.063844031467
2018-05-19,train,1130.0,1035.0917550449615
2018-05-20,train,1134.0,981.6919965569291
2018-05-21,train,2969.0,2873.7454472275444
2018-05-22,train,1054.0,891.2527268752556
2018-05-23,train,2956.0,2799.6593161324213
2018-05-24,train,2490.0,2866.647747442298
2018-05-25,train,2953.0,2826.2219029382395
2018-05-26,train,1208.0,1058.000364727224
2018-05-27,train,1087.0,1010.8636332252363
2018-05-28,train,3093.0,3006.0507728042035
2018-05-29,train,2510.0,2632.0474470581707
2018-05-30,train,2342.0,2824.0257230686616
2018-05-31,train,2566.0,2753.8279940330513
2018-06-01,train,2940.0,2897.0147402967564
2018-06-02,train,992.0,1072.1217504695285
2018-06-03,train,1081.0,1023.7511820341847
2018-06-04,train,2527.0,2937.0646709144985
2018-06-05,train,2583.0,2759.338558000643
2018-06-06,train,986.0,999.8357241233509
2018-06-07,train,2610.0,2931.533640871601
2018-06-08,train,2594.0,2921.679192215738
2018-06-09,train,1118.0,1103.0858103866194
2018-06-10,train,1005.0,1059.2003158237512
2018-06-11,train,3246.0,3668.8763598796436
2018-06-12,train,3486.0,3465.048076442187
2018-06-13,train,1108.0,905.7231165369103
2018-06-14,train,2984.0,2895.814348133326
2018-06-15,train,2945.0,2823.3419206066837
2018-06-16,train,1245.0,1085.9829770909546
2018-06-17,train,1033.0,1035.1002908924875
2018-06-18,train,2897.0,3027.509624917391
2018-06-19,train,2621.0,2803.2361597056197
2018-06-20,train,2744.0,2719.1855904711797
2018-06-21,train,2662.0,2865.896954227684
2018-06-22,train,2503.0,2845.495211947697
2018-06-23,train,1132.0,1102.2845962165459
2018-06-24,train,1140.0,1033.3539884468405
2018-06-25,train,3750.178082191781,3048.3584535782607
2018-06-26,train,2902.0,2863.148356918881
2018-06-27,train,2875.0,2754.5513426887683
2018-06-28,train,2559.0,2889.25229268256
2018-06-29,train,2708.0,2855.6121459208025
2018-06-30,train,1027.0,1016.1473562171188
2018-07-01,train,1743.1697247706422,1152.920360524448
2018-07-02,train,3013.0,3042.277245354271
2018-07-03,train,2582.0,2854.5665267908507
2018-07-04,train,2796.0,2786.8771231109813
2018-07-05,train,2474.0,2896.865120135598
2018-07-06,train,8658.0,2852.8499595737126
2018-07-07,train,1242.0,1130.95232280246
2018-07-08,train,1183.0,1170.4174759647672
2018-07-09,train,3031.0,3204.9016194047153
2018-07-10,train,3480.0,3643.786710215568
2018-07-11,train,3154.0,3510.7391359018206
2018-07-12,train,2856.0,2981.9660702106344
2018-07-13,train,3001.0,3261.2539202569956
2018-07-14,train,1067.0,1198.170669730745
2018-07-15,train,1075.0,1179.8446052086324
2018-07-16,train,3691.0,3148.3397912637056
2018-07-17,train,3037.0,2983.2569550200874
2018-07-18,train,2664.0,2997.1518366254995
2018-07-19,train,3036.0,3007.411193419823
2018-07-20,train,2609.0,3252.9005813504405
2018-07-21,train,1271.0,1239.7555933801084
2018-07-22,train,1089.0,1181.61143254253
2018-07-23,train,2698.0,3252.59881665974
2018-07-24,train,3023.0,3052.639336715889
2018-07-25,train,3074.0,3013.01660624983
2018-07-26,train,2744.0,3033.8750113338906
2018-07-27,train,2523.0,2987.0804225851853
2018-07-28,train,1302.0,1243.0783049701527
2018-07-29,train,1298.0,1219.7894852074655
2018-07-30,train,2726.0,3194.2742829526555
2018-07-31,train,2798.0,2931.215833538122
2018-08-01,train,2727.0,3129.240587764634
2018-08-02,train,2580.0,3050.9825177162156
2018-08-03,train,3006.0,3286.685371000749
2018-08-04,train,1067.0,1229.5373535060326
2018-08-05,train,1022.0,1181.3358741951301
2018-08-06,train,3243.0,3147.9639534718617
2018-08-07,train,2900.0,3036.1165283584105
2018-08-08,train,2823.0,3014.978409172907
2018-08-09,train,2792.0,3008.1560114291315
2018-08-10,train,3350.0,3615.760988215606
2018-08-11,train,1057.0,1214.0547779870967
2018-08-12,train,1064.0,1171.9338477740607
2018-08-13,train,3486.0,3838.455546619436
2018-08-14,train,2702.0,2995.786831479505
2018-08-15,train,1032.0,1139.584699497042
2018-08-16,train,2935.0,3069.285575455669
2018-08-17,train,2908.0,3028.6734666288576
2018-08-18,train,1132.0,1255.7953665384257
2018-08-19,train,1206.0,1195.7710710259344
2018-08-20,train,3139.0,3218.850353778281
2018-08-21,train,3095.0,3035.543556777209
2018-08-22,train,2767.0,2941.986727089907
2018-08-23,train,2820.0,3016.9416049963666
2018-08-24,train,3537.9360730593608,2985.745611334097
2018-08-25,train,1256.0,1217.4561707736468
2018-08-26,train,1171.0,1176.1739226573409
2018-08-27,train,2916.0,3179.2812616146934
2018-08-28,train,2848.0,3002.142617226246
2018-08-29,train,3108.0,2904.8927679706803
2018-08-30,train,2983.0,3022.4356969870814
2018-08-31,train,3105.0,2953.4689922671405
2018-09-01,train,1276.0,1337.6919072821445
2018-09-02,train,1193.0,1189.4923934786716
2018-09-03,train,3343.0,3199.3737840564663
2018-09-04,train,3131.0,3022.987144802073
2018-09-05,train,2902.0,3016.649800151314
2018-09-06,train,2897.0,3051.9984450043694
2018-09-07,train,2839.0,3075.977836499532
2018-09-08,train,1132.0,1256.333529792865
2018-09-09,train,1104.0,1208.0031126653666
2018-09-10,train,3906.0,3881.878383989279
2018-09-11,train,3440.0,3672.038244561394
2018-09-12,train,3029.0,2956.3426609047183
2018-09-13,train,2559.0,3099.872334479174
2018-09-14,train,2757.0,3061.9861736558396
2018-09-15,train,3943.0,1294.657137829957
2018-09-16,train,1122.0,1178.141065179842
2018-09-17,train,2902.0,3265.912062512624
2018-09-18,train,3025.0,3093.972180127674
2018-09-19,train,2682.0,3047.7242227049696
2018-09-20,train,2644.0,3069.3383067246673
2018-09-21,train,3203.0,3063.1268190815777
2018-09-22,train,1106.0,1415.7271326637028
2018-09-23,train,1169.0,1275.2204189667664
2018-09-24,train,1244.0,1188.4655706120006
2018-09-25,train,1290.0,1300.242935267424
2018-09-26,train,1353.0,1330.496814631534
2018-09-27,train,3493.0,3179.09717369213
2018-09-28,train,2889.0,3157.451900985156
2018-09-29,train,1336.0,1518.7823362658764
2018-09-30,train,1295.0,1247.010321435453
2018-10-01,train,3449.0,3291.1895710281874
2018-10-02,train,3093.0,3005.250928484818
2018-10-03,train,1152.0,1108.2602454586538
2018-10-04,train,3199.0,3104.0465818673565
2018-10-05,train,2576.0,3032.8327479571367
2018-10-06,train,1082.0,1274.9476378148133
2018-10-07,train,1095.0,1233.8217216525568
2018-10-08,train,3483.0,3210.320358458993
2018-10-09,train,1284.0,1138.5639975206836
2018-10-10,train,3816.0,3570.3113457411196
2018-10-11,train,3830.0,3730.3692812137488
2018-10-12,train,3137.0,2997.5666300922317
2018-10-13,train,1367.0,1406.551932354102
2018-10-14,train,1063.0,1187.0390194832867
2018-10-15,train,3105.0,3221.714222998671
2018-10-16,train,2904.0,2952.124352802006
2018-10-17,train,2670.0,2935.592081926268
2018-10-18,train,3088.0,3084.5761213700316
2018-10-19,train,2647.0,3004.0278178048648
2018-10-20,train,1218.0,1241.4402626066126
2018-10-21,train,1300.0,1186.2931223078285
2018-10-22,train,3227.0,3115.905879401957
2018-10-23,train,3100.0,2870.8002301074066
2018-10-24,train,3215.0,2996.4228293150372
2018-10-25,train,3152.0,3169.0700934786933
2018-10-26,train,3537.9360730593608,3032.138957271838
2018-10-27,train,1261.0,1285.1065425689567
2018-10-28,train,1293.0,1230.184255844339
2018-10-29,train,2870.0,3250.0347038722953
2018-10-30,train,2700.0,3072.443153118112
2018-10-31,train,2847.0,2891.5426941473247
2018-11-01,train,2761.0,3196.9777000626036
2018-11-02,train,2643.0,3019.2876326295186
2018-11-03,train,1146.0,1266.738369369892
2018-11-04,train,3200.0,1229.599266856283
2018-11-05,train,3281.0,3189.5431487333108
2018-11-06,train,2781.0,2929.2361313291854
2018-11-07,train,3505.692307692308,3085.2381251903216
2018-11-08,train,2828.0,3095.5646940723336
2018-11-09,train,3050.0,3023.096649875621
2018-11-10,train,1216.0,1236.9788768677383
2018-11-11,train,1379.0,1282.7604285913949
2018-11-12,train,3922.0,3863.898218671329
2018-11-13,train,3877.0,3667.961428543316
2018-11-14,train,2808.0,3056.5880826455314
2018-11-15,train,2819.0,3095.4413261163536
2018-11-16,train,3162.0,3030.1555381678527
2018-11-17,train,1302.0,1290.4458692539915
2018-11-18,train,1205.0,1354.424515764013
2018-11-19,train,3307.0,3308.2412464882577
2018-11-20,train,3136.0,3132.5817659930253
2018-11-21,train,2778.0,3123.4232990068126
2018-11-22,train,3135.0,3123.9574074678253
2018-11-23,train,3049.0,3116.9253763717325
2018-11-24,train,1198.0,1316.1386018343533
2018-11-25,train,1223.0,1278.984146799371
2018-11-26,train,2951.0,3301.698830644093
2018-11-27,train,2742.0,3141.4541181177083
2018-11-28,train,3188.0,3085.5550092810086
2018-11-29,train,3126.0,3129.080854907812
2018-11-30,train,2636.0,3009.4231568793607
2018-12-01,train,1341.0,1375.2690254933163
2018-12-02,train,1240.0,1319.9570086408908
2018-12-03,train,3662.0,3211.9298925067865
2018-12-04,train,3233.0,3012.469651776011
2018-12-05,train,2828.0,3055.7178731554636
2018-12-06,train,3012.0,3074.214344030831
2018-12-07,train,2838.0,3009.372000801145
2018-12-08,train,1237.0,1258.2750047240124
2018-12-09,train,1323.0,1218.9736646059318
2018-12-10,train,3926.0,3904.195619976504
2018-12-11,train,3475.0,3713.8569719807138
2018-12-12,train,3195.0,3018.975524458804
2018-12-13,train,2813.0,3061.784956168525
2018-12-14,train,2957.0,3006.529650601194
2018-12-15,train,1268.0,1262.8167186781545
2018-12-16,train,1137.0,1209.8336973885012
2018-12-17,train,3433.0,3288.817167593678
2018-12-18,train,3358.0,3089.413108292175
2018-12-19,train,2873.0,3040.2472362384447
2018-12-20,train,3302.0,3092.009971273128
2018-12-21,train,3336.0,3030.3258085260445
2018-12-22,train,1149.0,1269.982356923007
2018-12-23,train,1285.0,1231.082358847309
2018-12-24,train,3825.0,3269.7071442384718
2018-12-25,train,1195.0,1208.185819716472
2018-12-26,train,3151.0,3130.1416875304517
2018-12-27,train,3188.0,3142.4944053611816
2018-12-28,train,3000.0,3080.9947129168145
2018-12-29,train,1244.0,1329.9074752267634
2018-12-30,train,1341.0,1276.1198050557205
2018-12-31,train,3303.0,3322.3691972539145
2019-01-01,train,1411.0,1385.729645906561
2019-01-02,train,3639.0,3216.953703091024
2019-01-03,train,3112.0,3264.1137665013484
2019-01-04,train,2970.0,3207.0852597888047
2019-01-05,train,1396.0,1433.6789804061273
2019-01-06,train,1318.0,1398.3963237240032
2019-01-07,train,3698.0,3468.079655382021
2019-01-08,train,3291.0,3062.332488027829
2019-01-09,train,3237.0,3218.600852037773
2019-01-10,train,3733.0,3852.5989497567753
2019-01-11,train,4168.0,3791.8874665233716
2019-01-12,train,1448.0,1393.945124122045
2019-01-13,train,1260.0,1351.6397109908253
2019-01-14,train,3757.0,3404.059876546963
2019-01-15,train,3034.0,3137.115670390351
2019-01-16,train,3107.0,3225.0061231945283
2019-01-17,train,3212.0,3286.200812331479
2019-01-18,train,3056.0,3262.2107818518903
2019-01-19,train,1426.0,1444.5204676253197
2019-01-20,train,1175.0,1393.7724258377916
2019-01-21,train,3658.0,3484.3919494989905
2019-01-22,train,3397.0,3140.840596911433
2019-01-23,train,3484.0,3256.1967027523137
2019-01-24,train,3227.0,3319.5456466727096
2019-01-25,train,3449.0,3278.3520202296268
2019-01-26,train,1425.0,1471.2788705840871
2019-01-27,train,1403.0,1412.4257832572007
2019-01-28,train,3655.0,3465.9887274029875
2019-01-29,train,3151.0,3175.006725431822
2019-01-30,train,3038.0,3317.652466263
2019-01-31,train,3061.0,3237.5057998322636
2019-02-01,train,3479.0,3301.481943552005
2019-02-02,train,1349.0,1437.6185432756758
2019-02-03,train,2970.0,1381.0625735094459
2019-02-04,train,1374.0,1290.0370996770766
2019-02-05,train,1444.0,1390.3218684980516
2019-02-06,train,1326.0,1445.4883491159198
2019-02-07,train,4075.0,3352.484853630676
2019-02-08,train,3402.0,3330.6247402661947
2019-02-09,train,1444.0,1487.019881642327
2019-02-10,train,1315.0,1516.0557597230272
2019-02-11,train,4254.0,4050.1739949305584
2019-02-12,train,3779.0,3798.980262721122
2019-02-13,train,3129.0,3116.178682100392
2019-02-14,train,3536.0,3262.7660842233486
2019-02-15,train,3463.0,3196.9272028827163
2019-02-16,train,1336.0,1414.4061769596435
2019-02-17,train,1278.0,1433.8177958068582
2019-02-18,train,3623.0,3352.6308628940023
2019-02-19,train,3344.0,3171.3047011626686
2019-02-20,train,3229.0,3142.187253819775
2019-02-21,train,3540.0,3315.0536777515895
2019-02-22,train,3420.0,3242.4867166045274
2019-02-23,train,1438.0,1437.6825909420477
2019-02-24,train,1321.0,1380.2602489741853
2019-02-25,train,3819.0,3469.0699039072765
2019-02-26,train,3525.0,3252.722069942558
2019-02-27,train,3097.0,3212.9176072519804
2019-02-28,train,3083.0,3209.8428597925636
2019-03-01,train,1733.0,1455.4367946571876
2019-03-02,train,1511.0,1434.847825029722
2019-03-03,train,1610.0,1444.805415118281
2019-03-04,train,3537.0,3299.037757968788
2019-03-05,train,3378.0,3146.294878629374
2019-03-06,train,3186.0,3130.61997727525
2019-03-07,train,3512.0,3334.5354945592117
2019-03-08,train,2981.0,3163.728702255152
2019-03-09,train,1592.0,1431.7507074551088
2019-03-10,train,1479.0,1373.6544265651846
2019-03-11,train,4021.0,4101.225775905134
2019-03-12,train,3845.0,3895.8476755555484
2019-03-13,train,3354.0,3190.125733299178
2019-03-14,train,2943.0,3266.5463245085584
2019-03-15,train,3032.0,3131.3440577332676
2019-03-16,train,1661.0,1436.6049740619992
2019-03-17,train,1534.0,1383.0983957469107
2019-03-18,train,3581.0,3441.1543644584194
2019-03-19,train,3353.0,3264.7252207080155
2019-03-20,train,3160.0,3229.624754190721
2019-03-21,train,3179.0,3277.934611466836
2019-03-22,train,3480.0,3197.30472992979
2019-03-23,train,1600.0,1451.910008733754
2019-03-24,train,1399.0,1393.0564927883825
2019-03-25,train,3784.0,3468.452046703526
2019-03-26,train,3689.0,3279.229182229429
2019-03-27,train,3391.0,3221.8287541501536
2019-03-28,train,3222.0,3239.6115534223286
2019-03-29,train,3036.0,3147.227651656041
2019-03-30,train,1641.0,1492.2750827762254
2019-03-31,train,1473.0,1348.365685960568
2019-04-01,train,3361.0,3510.894505386996
2019-04-02,train,3236.0,3241.848674410868
2019-04-03,train,3421.0,3211.1290935504285
2019-04-04,train,3233.0,3254.348645319516
2019-04-05,train,3065.0,3184.6043070782002
2019-04-06,train,1664.0,1454.693272045009
2019-04-07,train,1616.0,1380.9172797448236
2019-04-08,train,3239.0,3430.830676851645
2019-04-09,train,3379.0,3261.472842457594
2019-04-10,train,3907.0,3863.5517671063826
2019-04-11,train,3986.0,3855.6124109892908
2019-04-12,train,3479.0,3156.371651864841
2019-04-13,train,1746.0,1450.4894598222377
2019-04-14,train,1505.0,1385.3014724466098
2019-04-15,train,3709.0,3382.8244861708918
2019-04-16,train,3213.0,3216.9003744885003
2019-04-17,train,3318.0,3250.0970130723613
2019-04-18,train,3374.0,3288.99894493601
2019-04-19,train,2973.0,3229.303382160905
2019-04-20,train,1497.0,1484.9723325859775
2019-04-21,train,1566.0,1419.394338550072
2019-04-22,train,3290.0,3444.013403538748
2019-04-23,train,3126.0,3274.206400334726
2019-04-24,train,3490.0,3287.445213138381
2019-04-25,train,3128.0,3316.222243205997
2019-04-26,train,3176.0,3220.2009111232774
2019-04-27,train,1624.0,1488.4640783984446
2019-04-28,train,1467.0,1419.4344677795912
2019-04-29,train,3497.0,3428.3518944727175
2019-04-30,train,3147.0,3157.9119435148787
2019-05-01,train,2023.0,1535.4190080770995
2019-05-02,train,3150.0,3308.079964747265
2019-05-03,train,3135.0,3223.4685993127064
2019-05-04,train,1586.0,1503.197515675439
2019-05-05,train,1534.0,1448.5515175684336
2019-05-06,train,1531.0,1317.1930289876645
2019-05-07,train,3596.0,3304.62682013587
2019-05-08,train,3684.0,3266.894212517757
2019-05-09,train,3294.0,3320.9682342444326
2019-05-10,train,4082.0,3885.2685422438367
2019-05-11,train,1646.0,1493.0453122014499
2019-05-12,train,1624.0,1429.1402572718716
2019-05-13,train,4018.0,3985.876207106355
2019-05-14,train,3595.0,3211.3960130895066
2019-05-15,train,3543.0,3174.394089731043
2019-05-16,train,3267.0,3249.986307572374
2019-05-17,train,3178.0,3226.2756765161785
2019-05-18,train,1665.0,1464.5596301288604
2019-05-19,train,1510.0,1416.8873072912743
2019-05-20,train,3272.0,3347.5136328623225
2019-05-21,train,3323.0,3277.4225431537207
2019-05-22,train,3566.0,3300.541920143494
2019-05-23,train,3119.0,3282.132484535654
2019-05-24,train,3507.0,3277.0814215284254
2019-05-25,train,1824.0,1498.9394984195233
2019-05-26,train,1438.0,1431.335234798867
2019-05-27,train,3614.0,3459.7141994966314
2019-05-28,train,3033.0,3271.733455452388
2019-05-29,train,3593.0,3234.527204262535
2019-05-30,train,3189.0,3296.6106572803537
2019-05-31,train,3069.0,3186.1089234278734
2019-06-01,train,1756.0,1652.4415486966702
2019-06-02,train,1712.0,1474.4371281088752
2019-06-03,train,3205.0,3377.37020688955
2019-06-04,train,3065.0,3328.2174460785063
2019-06-05,train,3219.0,3369.691368874
2019-06-06,train,1653.0,1547.3098558763402
2019-06-07,train,3426.0,3382.730761387094
2019-06-08,train,1724.0,1585.23254076601
2019-06-09,train,1687.0,1518.7352984428471
2019-06-10,train,4073.0,4174.773377955053
2019-06-11,train,3857.0,3961.642458841058
2019-06-12,train,3059.0,3349.9516483083007
2019-06-13,train,3272.0,3275.3861427761613
2019-06-14,train,3396.0,3269.621762349214
2019-06-15,train,1596.0,1543.3835723404893
2019-06-16,train,1554.0,1490.3810268733218
2019-06-17,train,3298.0,3494.3564240135165
2019-06-18,train,3081.0,3341.1840954732043
2019-06-19,train,3060.0,3325.761960311508
2019-06-20,train,3026.0,3270.6865037233097
2019-06-21,train,3131.0,3337.3774720350348
2019-06-22,train,4484.0,1576.3252359731468
2019-06-23,train,1678.0,1448.1454798679156
2019-06-24,train,3486.0,3501.502151419013
2019-06-25,train,3305.0,3300.4383055452295
2019-06-26,train,3308.0,3288.416172579335
2019-06-27,train,3326.0,3304.3249256873514
2019-06-28,train,3516.0,3257.6228417808716
2019-06-29,train,1663.0,1673.6975221172734
2019-06-30,train,1652.0,1449.2646986637883
2019-07-01,train,3745.0,3600.3925469976584
2019-07-02,train,3508.0,3325.477244652299
2019-07-03,train,2967.0,3335.134862145646
2019-07-04,train,3485.0,3300.120682904171
2019-07-05,train,3238.0,3365.33447199931
2019-07-06,train,1549.0,1752.8144363722256
2019-07-07,train,1512.0,1572.423977030518
2019-07-08,train,3747.0,3605.6619942102498
2019-07-09,train,3186.0,3420.402231424966
2019-07-10,train,4103.0,3994.1918381077585
2019-07-11,train,4215.0,4054.758438327306
2019-07-12,train,3226.0,3370.37085226045
2019-07-13,train,1613.0,1612.437775483367
2019-07-14,train,1672.0,1558.4852727359435
2019-07-15,train,3972.0,3571.1492891229236
2019-07-16,train,3676.0,3371.257772518223
2019-07-17,train,3788.0,3392.0620265379803
2019-07-18,train,3801.0,3464.750518799091
2019-07-19,train,3907.0,3369.03942355749
2019-07-20,train,1781.0,1767.769493520365
2019-07-21,train,1565.0,1557.134449725646
2019-07-22,train,5125.0,3594.1036657227064
2019-07-23,train,3532.0,3385.1196477469834
2019-07-24,train,4401.0,3455.101806167472
2019-07-25,train,3445.0,3489.5861911807597
2019-07-26,train,3162.0,3427.445555998775
2019-07-27,train,3356.0,1659.4336365128486
2019-07-28,train,1694.0,1554.481362613807
2019-07-29,train,3233.0,3682.351781471098
2019-07-30,train,3310.0,3441.790025397674
2019-07-31,train,3610.0,3384.2993035187046
2019-08-01,train,3600.0,3601.588596881935
2019-08-02,train,3327.0,3430.365700972599
2019-08-03,train,1614.0,1756.5152065337281
2019-08-04,train,1635.0,1660.266902155965
2019-08-05,train,3223.0,3739.371778993358
2019-08-06,train,3229.0,3490.9610075282535
2019-08-07,train,3574.0,3595.2586032993277
2019-08-08,train,3416.0,3582.04286774837
2019-08-09,train,3358.0,3454.1115945297865
2019-08-10,train,1871.0,1794.7131631694665
2019-08-11,train,1566.0,1663.5120445078614
2019-08-12,train,4241.0,4292.596269238155
2019-08-13,train,4041.0,4119.9984026874245
2019-08-14,train,3262.0,3513.249756016527
2019-08-15,train,1863.0,1755.8499572375317
2019-08-16,train,3339.0,3525.6807962436924
2019-08-17,train,1614.0,1740.2850132266963
2019-08-18,train,1705.0,1675.0314004427378
2019-08-19,train,3653.0,3779.1542894967033
2019-08-20,train,3716.0,3532.877569780352
2019-08-21,train,3342.0,3553.7465687621943
2019-08-22,train,3244.0,3452.9656076498777
2019-08-23,train,3551.0,3434.018544983324
2019-08-24,train,1678.0,1780.2929248415717
2019-08-25,train,1668.0,1625.9294185291587
2019-08-26,train,3891.0,3647.6738611561714
2019-08-27,train,3690.0,3498.3954381966705
2019-08-28,train,3424.0,3461.16611090458
2019-08-29,train,3504.0,3423.5420025162284
2019-08-30,train,3296.0,3444.116704201112
2019-08-31,train,1702.0,1601.2664027569272
2019-09-01,train,1779.0,1741.0688500156893
2019-09-02,train,3503.0,3639.0632705027538
2019-09-03,train,3315.0,3492.8281351997634
2019-09-04,train,3266.0,3484.4373291643096
2019-09-05,train,3118.0,3511.1491079196066
2019-09-06,train,3352.0,3468.8220582871627
2019-09-07,train,1829.0,1718.6688792265488
2019-09-08,train,1699.0,1653.7274378930174
2019-09-09,train,3707.0,3703.225489303338
2019-09-10,train,3833.0,4158.240588105259
2019-09-11,train,4282.0,4094.799777204506
2019-09-12,train,1741.0,1617.8255753134224
2019-09-13,train,1551.0,1643.6988888753128
2019-09-14,train,1667.0,1788.4606790214323
2019-09-15,train,1522.0,1730.0750303318337
2019-09-16,train,3779.0,3733.9408885956586
2019-09-17,train,3774.0,3584.6030001253157
2019-09-18,train,3270.0,3587.6062211782737
2019-09-19,train,3575.0,3487.1853118789113
2019-09-20,train,3735.0,3421.4651826279014
2019-09-21,train,1873.0,1713.1777281058928
2019-09-22,train,1755.0,1648.397842863766
2019-09-23,train,3367.0,3680.5490250623598
2019-09-24,train,3651.0,3533.0005090981294
2019-09-25,train,3355.0,3511.691686501493
2019-09-26,train,3641.0,3446.4736730723575
2019-09-27,train,3588.0,3385.846612684004
2019-09-28,train,1647.0,1719.0335537495225
2019-09-29,train,3670.0,1673.8812779156747
2019-09-30,train,3740.0,3528.804372161874
2019-10-01,train,3453.0,3539.570687501986
2019-10-02,train,3445.0,3402.752548085494
2019-10-03,train,1726.0,1667.3152796359423
2019-10-04,train,3437.0,3487.042107384968
2019-10-05,train,1902.0,1705.5466109774877
2019-10-06,train,1821.0,1743.8166099787322
2019-10-07,train,3371.0,3680.0688938634858
2019-10-08,train,3698.0,3541.7072298877824
2019-10-09,train,1817.0,1704.8777499156204
2019-10-10,train,3963.0,4042.35041100834
2019-10-11,train,4108.0,4031.214000701822
2019-10-12,train,1967.0,1739.676382228899
2019-10-13,train,1635.0,1783.6448882225072
2019-10-14,train,3689.0,3704.9895917870417
2019-10-15,train,3627.0,3554.813951063776
2019-10-16,train,3807.0,3428.9009440943996
2019-10-17,train,3613.0,3467.446175502739
2019-10-18,train,3579.0,3524.787989992785
2019-10-19,train,1976.0,1750.8756946902251
2019-10-20,train,1638.0,1676.73806867215
2019-10-21,train,3509.0,3654.995068065181
2019-10-22,train,3234.0,3538.4961856217615
2019-10-23,train,3345.0,3447.5026895263145
2019-10-24,train,3339.0,3593.508809042466
2019-10-25,train,3484.0,3549.6784816189192
2019-10-26,train,1771.0,1765.1759589061473
2019-10-27,train,1662.0,1795.1106359130504
2019-10-28,train,3650.0,3691.2151516305407
2019-10-29,train,3522.0,3509.2386416530253
2019-10-30,train,3680.0,3520.6685237838974
2019-10-31,train,3105.0,3373.7794271718526
2019-11-01,train,3341.0,3573.329387597849
2019-11-02,train,1811.0,1728.1705428800335
2019-11-03,train,1695.0,1651.8883839037935
2019-11-04,train,3197.0,3635.412284264173
2019-11-05,train,3549.0,3493.141763979188
2019-11-06,train,3653.0,3406.5757776004357
2019-11-07,train,3492.0,3533.3427663701896
2019-11-08,train,3064.0,3505.1821636051045
2019-11-09,train,1917.0,1736.2841201306258
2019-11-10,train,1603.0,1652.0808288321605
2019-11-11,train,4379.0,4287.3397727834345
2019-11-12,train,4245.0,4135.941054359295
2019-11-13,train,3327.0,3517.5888180325833
2019-11-14,train,3551.0,3517.4231647133247
2019-11-15,train,3339.0,3453.542040613099
2019-11-16,train,1845.0,1735.633763772358
2019-11-17,train,1826.0,1649.4502968286706
2019-11-18,train,3399.0,3667.8884816671434
2019-11-19,train,3519.0,3529.2148831511004
2019-11-20,train,3337.0,3496.6903388016153
2019-11-21,train,3325.0,3537.332410499238
2019-11-22,train,3560.0,3468.531176260877
2019-11-23,train,1942.0,1745.861649598835
2019-11-24,train,1682.0,1675.0747748250742
2019-11-25,train,3554.0,3711.4896990687516
2019-11-26,train,3304.0,3555.649515393032
2019-11-27,train,3217.0,3512.7545701949857
2019-11-28,train,3605.0,3527.8035513286413
2019-11-29,train,3584.0,3491.865519558704
2019-11-30,train,1884.0,1679.198891901985
2019-12-01,train,1861.0,1730.5758436405295
2019-12-02,train,3473.0,3586.1735550404946
2019-12-03,train,3211.0,3455.558141504489
2019-12-04,train,3495.0,3447.9735340111056
2019-12-05,train,3556.0,3486.8893368771633
2019-12-06,train,3210.0,3428.93787210779
2019-12-07,train,1675.0,1715.1946952870599
2019-12-08,train,1649.0,1643.6967244341745
2019-12-09,train,3452.0,3678.47857806603
2019-12-10,train,4455.0,4131.2172236578435
2019-12-11,train,4358.0,4076.262048983988
2019-12-12,train,3703.0,3506.037825764662
2019-12-13,train,3336.0,3434.7598633234165
2019-12-14,train,1908.0,1700.1095254332292
2019-12-15,train,1700.0,1639.8374218340932
2019-12-16,train,3574.0,3602.5880487392114
2019-12-17,train,3349.0,3501.95703180286
2019-12-18,train,3899.0,3514.021474481852
2019-12-19,train,3315.0,3518.5984922088896
2019-12-20,train,3326.0,3458.2356969584725
2019-12-21,train,1957.0,1727.671507144414
2019-12-22,train,1678.0,1651.0589395717593
2019-12-23,train,3589.0,3646.2642587321757
2019-12-24,train,3516.0,3522.8293060317133
2019-12-25,train,1830.0,1704.9365624944473
2019-12-26,train,3690.0,3581.732592286072
2019-12-27,train,3303.0,3494.752959036779
2019-12-28,train,1777.0,1772.1369647833312
2019-12-29,train,1851.0,1702.960632635636
2019-12-30,train,3411.0,3732.7117557195834
2019-12-31,train,3226.0,3480.276614865839
2020-01-01,train,1876.0,1849.7564460201015
2020-01-02,train,3787.0,3693.767229757636
2020-01-03,train,3456.0,3591.2525960376083
2020-01-04,train,1866.0,1873.3445953749517
2020-01-05,train,1885.0,1813.872527325641
2020-01-06,train,3707.0,3791.1489328017205
2020-01-07,train,3739.0,3681.4386621497024
2020-01-08,train,3542.0,3511.2415614016136
2020-01-09,train,3405.0,3659.238058467614
2020-01-10,train,3972.0,4200.330753355501
2020-01-11,train,1920.0,1827.9674061629662
2020-01-12,train,1667.0,1777.4695431006876
2020-01-13,train,4454.0,4404.306794280368
2020-01-14,train,3582.0,3591.940324708103
2020-01-15,train,3866.0,3556.940325526415
2020-01-16,train,3372.0,3639.1635592990892
2020-01-17,train,3451.0,3613.026912531292
2020-01-18,train,1817.0,1868.6560789593877
2020-01-19,train,1907.0,1797.63194727361
2020-01-20,train,3656.0,3832.653036718919
2020-01-21,train,3749.0,3645.3995438343095
2020-01-22,train,3327.0,3564.775683266376
2020-01-23,train,3618.0,3684.011474602782
2020-01-24,train,1928.0,1784.1034635485482
2020-01-25,train,1780.0,1923.8401706919983
2020-01-26,train,2180.0,1859.3324420524978
2020-01-27,train,1779.0,1753.5849696316175
2020-01-28,train,4282.0,3720.453649046349
2020-01-29,train,3849.0,3625.353257169803
2020-01-30,train,3486.0,3764.251388601413
2020-01-31,train,3547.0,3534.9387009656093
2020-02-01,train,2067.0,1948.8125948618356
2020-02-02,train,1939.0,1818.0108366353147
2020-02-03,train,4012.0,3693.079192782674
2020-02-04,train,3438.0,3634.644621129209
2020-02-05,train,3860.0,3593.620919550416
2020-02-06,train,3503.0,3614.8112036128387
2020-02-07,train,3658.0,3522.77768520543
2020-02-08,train,1743.0,1830.233534017362
2020-02-09,train,1704.0,1796.4468115005252
2020-02-10,train,4744.0,4387.2498887187085
2020-02-11,train,4252.0,4272.574408780114
2020-02-12,train,3764.0,3648.3605305356305
2020-02-13,train,9333.0,3627.9134900918607
2020-02-14,train,3788.0,3577.5503194008734
2020-02-15,train,1925.0,1881.636884415839
2020-02-16,train,1795.0,1828.5780908027205
2020-02-17,train,3675.0,3886.1874737858793
2020-02-18,train,3626.35,3711.3756534149456
2020-02-19,train,3824.0,3695.8369122588288
2020-02-20,train,3831.0,4024.790847055554
2020-02-21,train,3710.0,3598.331053783133
2020-02-22,train,2020.0,1919.5399150623798
2020-02-23,train,1821.0,1883.0335304412763
2020-02-24,train,3596.0,3817.9800326941477
2020-02-25,train,3815.0,3788.264710399708
2020-02-26,train,3647.0,3744.3524614616554
2020-02-27,train,3615.0,4030.421128253887
2020-02-28,train,3295.0,3718.6157865703067
2020-02-29,train,1783.0,1892.0873201551715
2020-03-01,train,1743.1697247706422,1958.565115756092
2020-03-02,train,3780.0,3859.24613138081
2020-03-03,train,3433.0,3687.259695712559
2020-03-04,train,3772.0,3716.4083395288176
2020-03-05,train,3696.0,3726.7114600087843
2020-03-06,train,3521.0,3666.1482002730654
2020-03-07,train,1882.0,1907.907905405233
2020-03-08,train,1933.0,1844.9163290530696
2020-03-09,train,3553.0,3896.600766794338
2020-03-10,train,4516.0,4351.379472906727
2020-03-11,train,4007.0,4318.767106116929
2020-03-12,train,3728.0,3993.315481618606
2020-03-13,train,3822.0,3598.216882312401
2020-03-14,train,1978.0,1841.8777084756557
2020-03-15,train,1738.0,1788.2331338387535
2020-03-16,train,3551.0,3787.2207868327887
2020-03-17,train,3632.0,3672.1360732344133
2020-03-18,train,3722.0,3678.359950296831
2020-03-19,train,3721.0,3696.6136603934483
2020-03-20,train,3652.0,3639.26002070111
2020-03-21,train,1883.0,1882.166525743293
2020-03-22,train,1745.0,1818.592835874079
2020-03-23,train,3868.0,3793.7520296473044
2020-03-24,train,3460.0,3704.335018334186
2020-03-25,train,3756.0,3679.2622842892865
2020-03-26,train,3390.0,3696.8607238352497
2020-03-27,train,3715.0,3641.0265299518455
2020-03-28,train,1867.0,1884.343517561568
2020-03-29,train,1837.0,1820.053334501672
2020-03-30,train,3782.0,3831.150735829123
2020-03-31,train,3850.0,3567.0229225358753
2020-04-01,train,4322.0,3733.0093818432615
2020-04-02,train,3420.0,3638.5994715760735
2020-04-03,train,3713.0,3603.0481027517203
2020-04-04,train,1948.0,1838.5587376296867
2020-04-05,train,1974.0,1784.8869147418327
2020-04-06,train,3453.0,3777.822071227619
2020-04-07,train,3400.0,3671.634413016827
2020-04-08,train,3672.0,3681.9432385515615
2020-04-09,train,3364.0,3636.478270752599
2020-04-10,train,4236.0,4265.061245090677
2020-04-11,train,2075.0,1844.4358514090266
2020-04-12,train,1906.0,1786.9615030714172
2020-04-13,train,4630.0,4406.014661864565
2020-04-14,train,3694.0,3614.627163492658
2020-04-15,train,2113.0,1822.900030165523
2020-04-16,train,3488.0,3675.729023257863
2020-04-17,train,3748.0,3667.3923167919934
2020-04-18,train,1981.0,1884.276915407668
2020-04-19,train,1803.0,1827.8553667515303
2020-04-20,train,3829.0,3867.3195686728386
2020-04-21,train,3562.0,3649.8612330583314
2020-04-22,train,3847.0,3598.151153993586
2020-04-23,train,3443.0,3635.0649641130785
2020-04-24,train,3418.0,3665.142196244536
2020-04-25,train,1841.0,1879.2374349550403
2020-04-26,train,1932.0,1817.5571599945583
2020-04-27,train,3930.0,3859.9732018143
2020-04-28,train,3379.0,3656.780198913026
2020-04-29,train,3731.0,3623.5365556253314
2020-04-30,train,1889.0,1775.0651017931928
2020-05-01,train,2149.0,1911.6559440898616
2020-05-02,train,1856.0,1922.5882786830898
2020-05-03,train,1792.0,1858.2806633111468
2020-05-04,train,4057.0,3850.6947452362
2020-05-05,train,2090.0,1784.1122887798117
2020-05-06,train,4020.0,3737.45896605889
2020-05-07,train,3735.0,3622.4661630082915
2020-05-08,train,3651.0,3604.395571508027
2020-05-09,train,1691.0,1872.7197780476274
2020-05-10,train,1860.0,1823.912237252976
2020-05-11,train,4723.0,4522.837800599141
2020-05-12,train,4552.0,4185.6005156612055
2020-05-13,train,3632.0,3547.3370014993197
2020-05-14,train,3865.0,3576.528000885686
2020-05-15,train,3751.0,3549.291966902484
2020-05-16,train,1682.0,1843.934362461499
2020-05-17,train,1819.0,1796.1828330226904
2020-05-18,train,4128.0,3870.2154187937667
2020-05-19,train,3446.0,3610.171162257906
2020-05-20,train,3849.0,3685.732590804245
2020-05-21,train,3721.0,3692.334928589076
2020-05-22,train,3624.0,3639.4374805535504
2020-05-23,train,1798.0,1862.9935051620425
2020-05-24,train,1680.0,1833.1618976480745
2020-05-25,train,4236.0,3909.1260167354635
2020-05-26,train,3656.0,3685.208471228954
2020-05-27,train,3344.0,3684.51411656289
2020-05-28,train,3665.0,3638.865649861522
2020-05-29,train,3571.0,3606.7590452217582
2020-05-30,train,2090.0,1911.7299600091928
2020-05-31,train,2009.0,1769.6124096954331
2020-06-01,train,3745.0,4028.634694063231
2020-06-02,train,3455.0,3621.1353672385735
2020-06-03,train,3582.0,3737.160744485771
2020-06-04,train,3256.0,3760.4293455279508
2020-06-05,train,3555.0,3704.615648529176
2020-06-06,train,1992.0,1938.4095169695652
2020-06-07,train,1789.0,1895.442101668113
2020-06-08,train,3799.0,3975.2968886567382
2020-06-09,train,3457.0,3767.156608272431
2020-06-10,train,4233.0,4345.1894556598645
2020-06-11,train,4124.0,4381.853535761752
2020-06-12,train,3669.0,3693.082272574472
2020-06-13,train,1921.0,1939.430030301636
2020-06-14,train,1972.0,1890.4462553375974
2020-06-15,train,4090.0,3901.8568540949063
2020-06-16,train,3863.0,3682.596986547926
2020-06-17,train,3302.0,3748.6146396363565
2020-06-18,train,3357.0,3770.3588934383606
2020-06-19,train,3494.0,3714.6746459146107
2020-06-20,train,1953.0,1957.1817421491696
2020-06-21,train,2035.0,1896.4578106808574
2020-06-22,train,3505.0,3945.0472032994144
2020-06-23,train,3538.0,3744.0714875753765
2020-06-24,train,3737.0,3736.583451663125
2020-06-25,train,3998.0,3781.646490448192
2020-06-26,train,3675.0,3708.3480370446437
2020-06-27,train,2112.0,1972.0905512741867
2020-06-28,train,1967.0,1921.3619389436421
2020-06-29,train,3868.0,3903.4390280974767
2020-06-30,train,3480.0,3646.6808964840416
2020-07-01,train,3967.0,3825.5248610887356
2020-07-02,train,3357.0,3755.3697206643296
2020-07-03,train,3768.0,3728.4558463459625
2020-07-04,train,2018.0,1991.6363953700516
2020-07-05,train,1828.0,1935.544736546392
2020-07-06,train,4015.0,3927.048664611966
2020-07-07,train,3897.0,3741.4223912065586
2020-07-08,train,3771.0,3814.283604076752
2020-07-09,train,3567.0,3823.6866763082244
2020-07-10,train,4059.0,4392.897257010754
2020-07-11,train,1991.0,1995.3413988259822
2020-07-12,train,1966.0,1939.926528576581
2020-07-13,train,4725.0,4598.978565718211
2020-07-14,train,3626.35,3768.285853012645
2020-07-15,train,3946.0,3769.4510312777375
2020-07-16,train,3981.0,3767.013268046694
2020-07-17,train,3999.0,3771.0105153950485
2020-07-18,train,1954.0,2006.906782081402
2020-07-19,train,1959.0,1959.2064475519862
2020-07-20,train,3970.0,3995.438415347971
2020-07-21,train,3727.0,3795.1717396890563
2020-07-22,train,3726.0,3817.895052650621
2020-07-23,train,3711.0,3861.050647978048
2020-07-24,train,3980.0,3823.4098173513703
2020-07-25,train,2161.0,2039.3440283863083
2020-07-26,train,1893.0,1978.838216788496
2020-07-27,train,3867.0,4029.5486889495332
2020-07-28,train,3963.0,3797.9834861609147
2020-07-29,train,3769.0,3837.1927465818435
2020-07-30,train,3469.0,3842.277022304093
2020-07-31,train,3785.0,3756.478892455796
2020-08-01,train,2194.0,2174.833051717599
2020-08-02,train,1987.0,2003.206630595717
2020-08-03,train,4016.0,4025.582259199749
2020-08-04,train,3343.0,3863.2953512098265
2020-08-05,train,3686.0,3856.736037233998
2020-08-06,train,3446.0,3861.735977491562
2020-08-07,train,3744.0,3870.808623443657
2020-08-08,train,1932.0,2092.095899861646
2020-08-09,train,2035.0,2030.948053583808
2020-08-10,train,4504.0,4720.114167971602
2020-08-11,train,4260.0,4476.757878059587
2020-08-12,train,3724.0,3857.651183349231
2020-08-13,train,3930.0,3870.4385672897542
2020-08-14,train,3645.0,3844.7783780654872
2020-08-15,train,2003.0,2073.238559842536
2020-08-16,train,1976.0,2019.9202649306067
2020-08-17,train,2252.0,1951.0573852765592
2020-08-18,train,3936.0,3902.4895217260173
2020-08-19,train,4155.0,3876.454233469157
2020-08-20,train,4010.0,3907.8209519305683
2020-08-21,train,4058.0,3876.689995748212
2020-08-22,train,2199.0,2108.801849869687
2020-08-23,train,1837.0,2048.0574855252617
2020-08-24,train,3966.0,3999.963930541643
2020-08-25,train,3740.0,3895.6773898214988
2020-08-26,train,3865.0,3874.4689389814166
2020-08-27,train,3787.0,3899.6641671038724
2020-08-28,train,3858.0,3863.6807324636475
2020-08-29,train,1894.0,2110.572361769897
2020-08-30,train,2070.0,2044.6056733362675
2020-08-31,train,4055.0,3892.291529319568
2020-09-01,train,3691.0,3961.1463955300505
2020-09-02,train,3741.0,3901.105372561982
2020-09-03,train,3461.0,3914.660771077462
2020-09-04,train,3423.0,3896.4672784255918
2020-09-05,train,1993.0,2117.8038939861085
2020-09-06,train,1866.0,2062.6733108921417
2020-09-07,train,3821.0,4113.145280404475
2020-09-08,train,3791.0,3919.4201368145946
2020-09-09,train,3823.0,3895.6695057146862
2020-09-10,train,4308.0,4561.107722964043
2020-09-11,train,4496.0,4490.24603921497
2020-09-12,train,2118.0,2092.793414617339
2020-09-13,train,2030.0,2050.241596254537
2020-09-14,train,3677.0,3969.779480803255
2020-09-15,train,3627.0,3905.3131483892216
2020-09-16,train,3865.0,3920.272606241068
2020-09-17,train,3869.0,3954.9249378462887
2020-09-18,train,3946.0,3922.0343431568485
2020-09-19,train,2133.0,2138.36095083877
2020-09-20,train,1948.0,2063.194459869968
2020-09-21,train,3735.0,4068.8549101627864
2020-09-22,train,3432.0,3904.8368743838323
2020-09-23,train,3830.0,3928.2050365003197
2020-09-24,train,3801.0,3978.8686100597106
2020-09-25,train,3658.0,3949.6562398295287
2020-09-26,train,2010.0,2145.926489410568
2020-09-27,train,1999.0,2099.393405480475
2020-09-28,train,3855.0,4082.094224315581
2020-09-29,train,3812.0,3895.7954224728064
2020-09-30,train,2100.0,2006.1555243725074
2020-10-01,train,1815.0,2250.108434639
2020-10-02,train,1976.0,2061.284938011363
2020-10-03,train,2002.0,2190.0595129465073
2020-10-04,train,1953.0,2110.595557212944
2020-10-05,train,4261.0,4107.040441152103
2020-10-06,train,4109.0,3941.2710213480455
2020-10-07,train,3779.0,3873.63828041587
2020-10-08,train,3551.0,3890.6532195385726
2020-10-09,train,2123.0,1953.0795513090502
2020-10-10,train,2051.0,2105.7532747552455
2020-10-11,train,2006.0,2033.1083815087916
2020-10-12,train,4488.0,4676.318898626005
2020-10-13,train,4372.0,4516.480667848538
2020-10-14,train,3544.0,3794.8332302502795
2020-10-15,train,3955.0,3813.5055650157137
2020-10-16,train,3868.0,3693.4044980644157
2020-10-17,train,2103.0,2060.6155675379673
2020-10-18,train,1915.0,1998.8204867882655
2020-10-19,train,4033.0,4047.5759936062723
2020-10-20,train,3571.0,3876.593569905852
2020-10-21,train,4123.0,3851.131336487392
2020-10-22,train,3649.0,3885.0958646473337
2020-10-23,train,3933.0,3765.614144965936
2020-10-24,train,2186.0,2086.2978463008476
2020-10-25,train,2228.0,2026.3355797835989
2020-10-26,train,3838.0,4052.1093116006905
2020-10-27,train,3680.0,3877.9214728907536
2020-10-28,train,3825.0,3779.7010878732212
2020-10-29,train,4045.0,3811.1804699778386
2020-10-30,train,3980.0,3794.959149800322
2020-10-31,train,2315.0,2055.688091417969
2020-11-01,train,2068.0,2130.856049566687
2020-11-02,train,4450.0,4054.0149887260195
2020-11-03,train,3716.0,3859.681412905066
2020-11-04,train,3698.0,3880.0905385920746
2020-11-05,train,4156.0,3894.2445811981133
2020-11-06,train,4258.0,3784.8673424801646
2020-11-07,train,2385.0,2124.9779050706184
2020-11-08,train,2201.0,2067.4835367105406
2020-11-09,train,4364.0,4105.741568897392
2020-11-10,train,4260.0,4542.311131694989
2020-11-11,train,4657.0,4498.4718777106245
2020-11-12,train,3801.0,3942.6316932144036
2020-11-13,train,4135.0,3906.8456319274446
2020-11-14,train,2133.0,2141.5219377033236
2020-11-15,train,1992.0,2076.8213273297065
2020-11-16,train,4272.0,4133.653271535237
2020-11-17,train,3798.0,3922.0472859363567
2020-11-18,train,3805.0,3982.6567485312435
2020-11-19,train,3857.0,3976.5739259211787
2020-11-20,train,4040.0,3966.8025029800215
2020-11-21,train,2137.0,2185.160294271987
2020-11-22,train,2012.0,2126.203423299275
2020-11-23,train,3895.0,4142.026721151753
2020-11-24,train,3734.0,3961.511623635505
2020-11-25,train,4245.0,3990.450297205343
2020-11-26,train,3627.0,3991.917265877424
2020-11-27,train,3701.0,3973.5440682109643
2020-11-28,train,2174.0,2196.18794378933
2020-11-29,train,2134.0,2119.813914500505
2020-11-30,train,4053.0,4074.221517930626
2020-12-01,train,4290.0,3969.3883949554966
2020-12-02,train,3825.0,3890.224251965633
2020-12-03,train,4029.0,3928.6537754237575
2020-12-04,train,3693.0,3890.5587149730613
2020-12-05,train,2155.0,2125.05156349501
2020-12-06,train,2164.0,2058.517984077159
2020-12-07,train,4105.0,4069.340202738146
2020-12-08,train,3938.0,3918.8024361439807
2020-12-09,train,3948.0,3940.423693190106
2020-12-10,train,4541.0,4545.020131671697
2020-12-11,train,4735.0,4496.227797145302
2020-12-12,train,2094.0,2094.6524607290416
2020-12-13,train,1981.0,2051.407062060697
2020-12-14,train,4191.0,4080.3846966772217
2020-12-15,train,3756.0,3907.048142911657
2020-12-16,train,3810.0,3892.1725110490534
2020-12-17,train,4071.0,3972.887914733168
2020-12-18,train,3670.0,3933.5975571674244
2020-12-19,train,1804.0,2138.049542544424
2020-12-20,train,1932.0,2089.6985032355915
2020-12-21,train,3994.0,4106.005171142417
2020-12-22,train,4038.0,3921.00775853172
2020-12-23,train,4007.0,3947.9223616194386
2020-12-24,train,4115.0,3990.0224873515986
2020-12-25,train,1879.0,2079.3097838069716
2020-12-26,train,1939.0,2188.9911639261295
2020-12-27,train,2044.0,2117.6178755067144
2020-12-28,train,4089.0,4135.50804672027
2020-12-29,train,4158.0,3979.820837624535
2020-12-30,train,3843.0,3953.7422296286854
2020-12-31,train,3624.0,3940.1903031798174
2021-01-01,train,1969.0,2136.2752681567445
2021-01-02,train,1993.0,2230.980024846465
2021-01-03,train,1968.0,2176.0552413448986
2021-01-04,train,4206.0,4247.063771601738
2021-01-05,train,3938.0,4093.9876985581695
2021-01-06,train,4244.0,4080.2022623465014
2021-01-07,train,3788.0,4134.468423536573
2021-01-08,train,4165.0,3898.421375875656
2021-01-09,train,2050.0,2213.716625887112
2021-01-10,train,2039.0,2167.2026139492464
2021-01-11,train,5177.0,4843.440304533707
2021-01-12,train,4656.0,4652.854891910139
2021-01-13,train,4125.0,4020.4776667178985
2021-01-14,train,3851.0,4043.9103580193414
2021-01-15,train,3942.0,3917.2662900538044
2021-01-16,train,1871.0,2219.3670333833884
2021-01-17,train,1993.0,2188.6747768808677
2021-01-18,train,4184.0,4278.517250122723
2021-01-19,train,4342.0,4100.167223203283
2021-01-20,train,4058.0,4087.941159736258
2021-01-21,train,4159.0,4096.284134182034
2021-01-22,train,4218.0,3955.0115245226425
2021-01-23,train,2109.0,2264.2730390903794
2021-01-24,train,2035.0,2225.8474338528445
2021-01-25,train,4731.0,4305.850964856721
2021-01-26,train,4122.0,4137.56742338629
2021-01-27,train,4147.0,4089.3662151112558
2021-01-28,train,3714.0,4106.769750861707
2021-01-29,train,3757.0,3996.4354077635144
2021-01-30,train,2107.0,2309.8738995460994
2021-01-31,train,2001.0,2182.4013092202017
2021-02-01,train,4388.0,4369.210338359288
2021-02-02,train,3946.0,4081.8577299623166
2021-02-03,train,3697.0,4090.9872113783113
2021-02-04,train,3670.0,4088.819374510487
2021-02-05,train,3716.0,4065.748644215408
2021-02-06,train,2140.0,2269.259127366445
2021-02-07,train,1743.1697247706422,2211.5492575155395
2021-02-08,train,4481.0,4348.12303758341
2021-02-09,train,4125.0,4107.3750245507545
2021-02-10,train,4325.0,4704.042933597172
2021-02-11,train,1958.0,2263.168665993975
2021-02-12,train,1893.0,2211.4967487077906
2021-02-13,train,1869.0,2328.8752668675143
2021-02-14,train,1896.0,2253.1566567997247
2021-02-15,train,5070.0,4967.69622613881
2021-02-16,train,4425.0,4142.235976486005
2021-02-17,train,4167.0,4130.532023196041
2021-02-18,train,3905.0,4048.947082347405
2021-02-19,train,4188.0,3961.6713463062542
2021-02-20,train,1975.0,2223.1968962421947
2021-02-21,train,1989.0,2155.8309595525197
2021-02-22,train,4605.0,4298.432926180667
2021-02-23,train,4125.0,4064.5167621732835
2021-02-24,train,3885.0,4069.49205711753
2021-02-25,train,3887.0,3959.9094364419307
2021-02-26,train,4007.0,3928.6383252695496
2021-02-27,train,2097.0,2232.330726278242
2021-02-28,train,2048.0,2097.9375947973394
2021-03-01,train,1846.0,2239.335152383008
2021-03-02,train,4571.0,4082.5546967746905
2021-03-03,train,4386.0,4018.8733068998563
2021-03-04,train,3787.0,4042.8658811112073
2021-03-05,train,4088.0,4026.5204113116683
2021-03-06,train,1978.0,2241.1339315287996
2021-03-07,train,2130.0,2179.6159012704275
2021-03-08,train,4466.0,4142.565924305666
2021-03-09,train,4315.0,4035.225125408834
2021-03-10,train,4464.0,4667.961575129514
2021-03-11,train,4582.0,4551.457641184817
2021-03-12,train,4254.0,3893.939869374182
2021-03-13,train,1946.0,2212.0968919350044
2021-03-14,train,1934.0,2180.9770782405276
2021-03-15,train,4134.0,4174.11741210345
2021-03-16,train,3854.0,4110.617224060121
2021-03-17,train,4279.0,4100.8630376043175
2021-03-18,train,4173.0,4099.0768764728455
2021-03-19,train,3971.0,4070.8143143400303
2021-03-20,train,1962.0,2241.883890076189
2021-03-21,train,2044.0,2205.3830007380084
2021-03-22,train,4123.0,4272.57095846225
2021-03-23,train,4089.0,4073.6352047261307
2021-03-24,train,4087.0,4087.292848522541
2021-03-25,train,4316.0,4126.48456485202
2021-03-26,train,3991.0,4058.801874086705
2021-03-27,train,2008.0,2250.6146862196565
2021-03-28,train,1933.0,2206.0277571233787
2021-03-29,train,3914.0,4127.316133957355
2021-03-30,train,4184.0,4121.413074974534
2021-03-31,train,4288.0,4042.114359685108
2021-04-01,train,4271.0,4181.73805856695
2021-04-02,train,3682.0,4026.6101912713366
2021-04-03,train,1984.0,2228.570965437824
2021-04-04,train,2049.0,2190.772879138228
2021-04-05,train,4106.0,4218.798545021971
2021-04-06,train,4444.0,4069.6856180217046
2021-04-07,train,3712.0,4076.7940076477944
2021-04-08,train,4023.0,4136.965912820782
2021-04-09,train,4288.0,4021.49049570089
2021-04-10,train,2178.0,2211.898127947033
2021-04-11,train,2025.0,2163.823961029412
2021-04-12,train,4531.0,4832.2254103494315
2021-04-13,train,4387.0,4694.660583981932
2021-04-14,train,3937.0,4049.0666651961865
2021-04-15,train,3887.0,4092.393182645674
2021-04-16,train,4230.0,4021.2815431520535
2021-04-17,train,2170.0,2228.44319794727
2021-04-18,train,2030.0,2186.997912808965
2021-04-19,train,4610.0,4235.715436842584
2021-04-20,train,4313.0,4092.092718971023
2021-04-21,train,4027.0,4038.115439408044
2021-04-22,train,4137.0,4098.008238809057
2021-04-23,train,3757.0,4059.083919775864
2021-04-24,train,2007.0,2260.1859209973445
2021-04-25,train,2179.0,2201.886380010887
2021-04-26,train,4438.0,4264.853361927373
2021-04-27,train,4080.0,4110.957267213638
2021-04-28,train,4369.0,4084.2218484060686
2021-04-29,train,4406.0,4115.671795015082
2021-04-30,train,3797.0,3950.612091542731
2021-05-01,train,2135.0,2361.927693196747
2021-05-02,train,1907.0,2216.319716603159
2021-05-03,train,4706.0,4286.166788276503
2021-05-04,train,3995.0,4116.43087446975
2021-05-05,train,2081.0,2247.7842282764905
2021-05-06,train,4418.0,4199.538807044233
2021-05-07,train,4073.0,4094.657526889684
2021-05-08,train,2077.0,2316.6687354003207
2021-05-09,train,2066.0,2262.855181774244
2021-05-10,train,4959.0,4991.20273305366
2021-05-11,train,5273.0,4774.368722943768
2021-05-12,train,4202.0,4017.2026514400177
2021-05-13,train,4013.0,4136.070536327102
2021-05-14,train,4162.0,4068.2754604638285
2021-05-15,train,2170.0,2277.678809084211
2021-05-16,train,1994.0,2212.4758632498147
2021-05-17,train,4144.0,4345.434807454769
2021-05-18,train,4017.0,4169.262692251752
2021-05-19,train,1932.0,2177.0599532754118
2021-05-20,train,4090.0,4213.319276926822
2021-05-21,train,4014.0,4115.333548508204
2021-05-22,train,2158.0,2332.5057834888253
2021-05-23,train,2109.0,2288.2355283730467
2021-05-24,train,4585.0,4362.14225205915
2021-05-25,train,4221.0,4197.699672875315
2021-05-26,train,4237.0,4052.3611010401296
2021-05-27,train,3970.0,4138.333967996916
2021-05-28,train,4200.0,4064.6248691679243
2021-05-29,train,1969.0,2287.695286411744
2021-05-30,train,1955.0,2230.0875610023277
2021-05-31,train,4677.0,4240.583682212762
2021-06-01,train,4155.0,4220.487354948506
2021-06-02,train,3854.0,3931.282651197173
2021-06-03,train,3665.0,4196.457259034013
2021-06-04,train,3710.0,4141.16946644067
2021-06-05,train,2155.0,2338.937496921121
2021-06-06,train,2229.0,2281.47397224245
2021-06-07,train,4262.0,4391.930727644364
2021-06-08,train,4466.0,4210.837693889015
2021-06-09,train,4108.0,4129.785178485741
2021-06-10,train,4861.0,4771.0445524576735
2021-06-11,train,4653.0,4730.550914036922
2021-06-12,train,1999.0,2296.450276453274
2021-06-13,train,2154.0,2258.828255131924
2021-06-14,train,4538.0,4319.229552553388
2021-06-15,train,4332.0,4146.355885106187
2021-06-16,train,3923.0,4014.2094560750274
2021-06-17,train,4127.0,4212.803882791222
2021-06-18,train,4219.0,4159.721446583455
2021-06-19,train,2072.0,2358.618714096702
2021-06-20,train,1974.0,2322.687002936084
2021-06-21,train,4382.0,4389.196495251756
2021-06-22,train,3967.0,4217.381803073638
2021-06-23,train,4156.0,4185.339371991812
2021-06-24,train,4210.0,4248.096851915981
2021-06-25,train,4118.0,4207.951216241704
2021-06-26,train,2214.0,2358.379513075494
2021-06-27,train,2222.0,2312.5746952474465
2021-06-28,train,4191.0,4395.583860469946
2021-06-29,train,4056.0,4187.740290744297
2021-06-30,train,3949.0,4079.2852963974747
2021-07-01,train,4474.0,4306.585034245602
2021-07-02,train,3971.0,4159.207913682358
2021-07-03,train,2224.0,2388.5941417134286
2021-07-04,train,2040.0,2342.4397579626984
2021-07-05,train,4314.0,4383.244860202816
2021-07-06,train,4322.0,4214.722893754728
2021-07-07,train,4288.0,4194.804355978227
2021-07-08,train,4346.0,4295.286346002655
2021-07-09,train,4360.0,4203.129707541052
2021-07-10,train,2192.0,2379.904960231127
2021-07-11,train,2119.0,2339.6126575953986
2021-07-12,train,5007.0,5022.352196791393
2021-07-13,train,4761.0,4846.253412385655
2021-07-14,train,4165.0,4179.931768880793
2021-07-15,train,4466.0,4263.589278530537
2021-07-16,train,4634.0,4195.937594681462
2021-07-17,train,2211.0,2389.49174524047
2021-07-18,train,2113.0,2333.469037584579
2021-07-19,train,4636.0,4430.632922742536
2021-07-20,train,4554.0,4249.632974788231
2021-07-21,train,4570.0,4233.250861707932
2021-07-22,train,4359.0,4287.413503356449
2021-07-23,train,4564.0,4250.244019393793
2021-07-24,train,2296.0,2426.711747165049
2021-07-25,train,2146.0,2375.4922961777265
2021-07-26,train,4818.0,4457.8641653484
2021-07-27,train,4626.0,4283.477104751994
2021-07-28,train,3954.0,4255.618102598255
2021-07-29,train,3993.0,4336.698803614549
2021-07-30,train,4099.0,4284.499158868067
2021-07-31,train,2039.0,2385.9767059150954
2021-08-01,train,1998.0,2529.0072954943616
2021-08-02,train,4270.0,4521.978757808411
2021-08-03,train,4461.0,4362.225839868252
2021-08-04,train,4163.0,4325.519847451864
2021-08-05,train,4231.0,4354.604969391375
2021-08-06,train,4156.0,4318.758574998541
2021-08-07,train,2082.0,2492.175078967016
2021-08-08,train,2018.0,2434.1505362550165
2021-08-09,train,4583.0,4538.417609998096
2021-08-10,train,4830.0,5005.1565717221
2021-08-11,train,5030.0,4921.146206335085
2021-08-12,train,4414.0,4333.298604948002
2021-08-13,train,4303.0,4298.859881089809
2021-08-14,train,2271.0,2466.373792813274
2021-08-15,train,2049.0,2406.7902346826013
2021-08-16,train,2150.0,2378.2825275730665
2021-08-17,train,4505.0,4415.8619862423875
2021-08-18,train,4440.0,4390.833603679623
2021-08-19,train,4100.0,4389.890921527893
2021-08-20,train,4150.0,4348.396422032857
2021-08-21,train,2096.0,2526.9480640233764
2021-08-22,train,2293.0,2465.8390532894064
2021-08-23,train,4266.0,4431.286782075524
2021-08-24,train,4074.0,4356.383075300989
2021-08-25,train,4331.0,4330.523900012132
2021-08-26,train,4155.0,4321.745081938679
2021-08-27,train,4056.0,4279.797671962135
2021-08-28,train,2058.0,2473.9190368578556
2021-08-29,train,2283.0,2430.0782386180263
2021-08-30,train,4770.0,4365.936810884341
2021-08-31,train,4420.0,4242.412299093295
2021-09-01,train,4716.0,4418.320203744174
2021-09-02,train,4056.0,4327.607938409931
2021-09-03,train,4136.0,4280.7847937307815
2021-09-04,train,2219.0,2471.927978535394
2021-09-05,train,2044.0,2441.0490129126597
2021-09-06,train,5839.0,4518.984716316931
2021-09-07,train,6571.0,4342.331212066109
2021-09-08,train,6258.0,4369.481955181426
2021-09-09,train,5613.0,4325.912860233777
2021-09-10,train,6508.0,4900.730972366973
2021-09-11,train,2122.0,2434.5207163056393
2021-09-12,train,2294.0,2408.367763494777
2021-09-13,train,6183.0,5075.554757415543
2021-09-14,train,5295.0,4439.0698090371425
2021-09-15,train,4293.0,4465.80483633991
2021-09-16,train,4384.0,4458.79027060883
2021-09-17,train,4282.0,4487.1168916005045
2021-09-18,train,2184.0,2588.2660731784176
2021-09-19,train,2139.0,2555.1750252385664
2021-09-20,train,2221.0,2646.3185987415322
2021-09-21,train,2091.0,2780.068708930966
2021-09-22,train,2033.0,2797.8417345817693
2021-09-23,train,13740.0,4655.18306022934
2021-09-24,train,4476.0,4659.308208698864
2021-09-25,train,2175.0,2834.211887709937
2021-09-26,train,2041.0,2812.4222638989218
2021-09-27,train,4926.0,4841.441393843569
2021-09-28,train,4608.0,4559.909420400795
2021-09-29,train,4411.0,4468.555223813121
2021-09-30,train,4648.0,4953.014184451548
2021-10-01,val,4670.0,4531.072485582776
2021-10-02,val,2185.0,2614.925672004349
2021-10-03,val,2184.0,2557.956170220041
2021-10-04,val,2202.0,2500.66833925533
2021-10-05,val,5073.0,4526.713017422189
2021-10-06,val,4497.0,4451.318920467177
2021-10-07,val,4419.0,5016.9519136584
2021-10-08,val,4133.0,4565.7941401410335
2021-10-09,val,2322.0,2594.626378575573
2021-10-10,val,2063.0,2548.926418798652
2021-10-11,val,2784.0,3126.3745746674813
2021-10-12,val,5548.0,5149.758661339804
2021-10-13,val,4945.0,5031.142136529318
2021-10-14,val,4333.0,4446.183314454605
2021-10-15,val,4386.0,4386.912340543141
2021-10-16,val,2360.0,2564.9503691081045
2021-10-17,val,2147.0,2506.2002222327283
2021-10-18,val,4609.0,4260.592739642305
2021-10-19,val,4466.0,4365.9890270905635
2021-10-20,val,4542.0,4334.263273515091
2021-10-21,val,3970.0,4945.265798285234
2021-10-22,val,4337.0,4351.083884275588
2021-10-23,val,2246.0,2538.9572002350474
2021-10-24,val,2129.0,2471.001695747315
2021-10-25,val,4524.0,4495.391787515078
2021-10-26,val,4446.0,4449.591572175377
2021-10-27,val,4135.0,4413.812253082119
2021-10-28,val,4308.0,4407.060186386349
2021-10-29,val,4068.0,4373.53540324181
2021-10-30,val,2081.0,2543.822700356981
2021-10-31,val,2109.0,2406.9207783014363
2021-11-01,val,4797.0,4497.610120036821
2021-11-02,val,4485.0,4394.264070551127
2021-11-03,val,3949.0,4349.547281711878
2021-11-04,val,2925.0,4366.331459089676
2021-11-05,val,3962.0,4334.287026167596
2021-11-06,val,2260.0,2529.1192674009685
2021-11-07,val,2285.0,2459.0163077109974
2021-11-08,val,4476.0,4459.734838778326
2021-11-09,val,4301.0,4444.390749485659
2021-11-10,val,4651.0,5001.662402035008
2021-11-11,val,4746.0,4947.161863695287
2021-11-12,val,3989.0,4277.365072233272
2021-11-13,val,2307.0,2495.992251434659
2021-11-14,val,2233.0,2439.2899320327224
2021-11-15,val,4569.0,4523.045266784234
2021-11-16,val,4042.0,4338.7872131689555
2021-11-17,val,4173.0,4340.612617593351
2021-11-18,val,4315.0,4304.296287537177
2021-11-19,val,4410.0,4290.633247515989
2021-11-20,val,2136.0,2510.859886972714
2021-11-21,val,2089.0,2467.324560227682
2021-11-22,val,4187.0,4533.700553954437
2021-11-23,val,3894.0,4345.8561798761675
2021-11-24,val,4018.0,4353.830206085864
2021-11-25,val,4328.0,4409.547983920276
2021-11-26,val,3995.0,4316.11470724185
2021-11-27,val,2207.0,2524.6511667961868
2021-11-28,val,2170.0,2473.0690485681234
2021-11-29,val,4271.0,4540.762965204925
2021-11-30,val,10615.0,4247.573813554921
2021-12-01,val,3999.0,4344.294364565585
2021-12-02,val,4389.0,4318.696068725237
2021-12-03,val,4379.0,4317.764125472973
2021-12-04,val,2348.0,2525.94945101616
2021-12-05,val,2090.0,2476.6376210500603
2021-12-06,val,3750.178082191781,4513.754303080932
2021-12-07,val,4467.0,4688.183507933045
2021-12-08,val,4006.0,4338.000181769935
2021-12-09,val,3939.0,4412.549190950118
2021-12-10,val,4909.0,4949.453910612006
2021-12-11,val,2136.0,2528.836487278265
2021-12-12,val,2138.0,2480.44999988557
2021-12-13,val,5412.0,5134.537734175395
2021-12-14,val,4005.0,4638.933637067168
2021-12-15,val,4318.0,4324.94398266573
2021-12-16,val,3960.0,4375.26265982237
2021-12-17,val,4266.0,4384.20886076507
2021-12-18,val,2419.0,2530.771028572225
2021-12-19,val,2106.0,2463.7680352593984
2021-12-20,val,4536.0,4538.601440762499
2021-12-21,val,4463.0,4338.609019112332
2021-12-22,val,4296.0,4338.300884244142
2021-12-23,val,4241.0,4371.122821706895
2021-12-24,val,3998.0,4365.541767296443
2021-12-25,val,2336.0,2553.421297154645
2021-12-26,val,2358.0,2492.4418774096766
2021-12-27,val,4537.0,4587.138416077206
2021-12-28,val,4337.0,4686.750533751776
2021-12-29,val,4562.0,4310.32448796425
2021-12-30,val,4029.0,4344.507665303063
2021-12-31,val,4002.0,4221.88788398312
2022-01-01,test,2349.0,2693.643848793906
2022-01-02,test,2366.0,2518.59346078801
2022-01-03,test,4529.0,4600.026219331122
2022-01-04,test,4427.0,4478.913363173775
2022-01-05,test,4448.0,4458.664534582283
2022-01-06,test,4428.0,4464.18484917308
2022-01-07,test,4582.0,4451.6031691658845
2022-01-08,test,2227.0,2634.48232885873
2022-01-09,test,2225.0,2602.3678066575635
2022-01-10,test,5217.0,5342.545092284174
2022-01-11,test,4968.0,5090.899360064596
2022-01-12,test,4264.0,4482.8615397673275
2022-01-13,test,4043.0,4483.142496986212
2022-01-14,test,4469.0,4467.795373132128
2022-01-15,test,2322.0,2671.7703795532498
2022-01-16,test,2353.0,2610.7581578861386
2022-01-17,test,4591.0,4703.882191364737
2022-01-18,test,4786.0,4537.5757240787525
2022-01-19,test,4533.0,4494.28800024443
2022-01-20,test,4221.0,4514.989674871514
2022-01-21,test,4471.0,4485.738674200487
2022-01-22,test,2379.0,2678.9527589161935
2022-01-23,test,2197.0,2637.545751003615
2022-01-24,test,4815.0,4727.143822257383
2022-01-25,test,4390.0,4561.156191154646
2022-01-26,test,4704.0,4534.101054905797
2022-01-27,test,4522.0,4511.411045648354
2022-01-28,test,4587.0,4498.3367488966505
2022-01-29,test,2239.0,2706.2162408629924
2022-01-30,test,2123.0,2663.480764166472
2022-01-31,test,2253.0,2537.1265251399445
2022-02-01,test,2213.0,2774.506830001184
2022-02-02,test,2365.0,2743.0091538347247
2022-02-03,test,4788.0,4605.6887892199065
2022-02-04,test,4703.0,4559.730120991342
2022-02-05,test,2367.0,2720.285658825968
2022-02-06,test,2148.0,2663.3446898532065
2022-02-07,test,4771.0,4658.4852614347965
2022-02-08,test,4724.0,4424.596934375184
2022-02-09,test,4436.0,4359.602819371803
2022-02-10,test,4898.0,5097.025593264929
2022-02-11,test,4688.0,5071.280976031321
2022-02-12,test,2188.0,2594.292962826097
2022-02-13,test,2267.0,2546.0454436564346
2022-02-14,test,4561.0,4509.581217454917
2022-02-15,test,4631.0,4366.352594314119
2022-02-16,test,4491.0,4344.049525789523
2022-02-17,test,4150.0,4504.281008760414
2022-02-18,test,4457.0,4467.230986920749
2022-02-19,test,2315.0,2619.0165189265713
2022-02-20,test,2316.0,2556.4907366461143
2022-02-21,test,4870.0,4646.142184878225
2022-02-22,test,4807.0,4470.006932241414
2022-02-23,test,4751.0,4466.16775279787
2022-02-24,test,4691.0,4493.991993596331
2022-02-25,test,4488.0,4450.321146377505
2022-02-26,test,2204.0,2601.769738973768
2022-02-27,test,2276.0,2563.373628714801
2022-02-28,test,4632.0,4446.713917366047
2022-03-01,test,2301.0,2572.838696841268
2022-03-02,test,4437.0,4424.970057688497
2022-03-03,test,4184.0,4561.014819693267
2022-03-04,test,4287.0,4516.3762597397235
2022-03-05,test,2206.0,2674.7051079091643
2022-03-06,test,2213.0,2623.750339328057
2022-03-07,test,4388.0,4717.0334242908975
2022-03-08,test,4472.0,4436.968621753719
2022-03-09,test,2397.0,2644.2389249122043
2022-03-10,test,4972.0,5210.949057720731
2022-03-11,test,4737.0,5116.8634540326
2022-03-12,test,2304.0,2632.59443701377
2022-03-13,test,2381.0,2599.3256901497457
2022-03-14,test,4319.0,4649.096685521946
2022-03-15,test,4334.0,4396.937558331585
2022-03-16,test,4221.0,4380.377414152655
2022-03-17,test,4373.0,4476.951624695894
2022-03-18,test,4405.0,4444.130329135009
2022-03-19,test,2431.0,2612.288602184958
2022-03-20,test,2345.0,2569.450750574239
2022-03-21,test,4341.0,4618.909341398431
2022-03-22,test,4205.0,4467.844148308726
2022-03-23,test,4119.0,4356.979878383831
2022-03-24,test,4286.0,4517.375425911382
2022-03-25,test,4390.0,4446.469687071805
2022-03-26,test,2324.0,2610.7451813041134
2022-03-27,test,2213.0,2575.955598551912
2022-03-28,test,4390.0,4610.318048658261
2022-03-29,test,4095.0,4334.4074411687925
2022-03-30,test,4428.0,4450.693854098699
2022-03-31,test,4481.0,4399.4921160312
